ID,Category,Page/Component,Position,Priority,Width,Height,Orientation,Aspect Ratio,Prompt English,Prompt Vietnamese,Context/Description,Style Type,Mood,Colors,Format,Alt Text,File Name,Notes
landing-hero-background,landing-page,src/pages/landing/page.tsx,Hero Section Background,CRITICAL,1920,1080,landscape,16:9,"Lush green Vietnamese forest canopy with medicinal plants growing underneath tall trees in misty morning light, creating peaceful natural atmosphere with vibrant emerald tones and soft sunlight filtering through leaves, showing sustainable agroforestry system, modern technology integration, digital platform ecosystem, professional photography, cinematic composition","Rừng xanh tươi tốt Việt Nam với cây dược liệu mọc dưới tán rừng, ánh sáng ban mai mờ sương, tạo không khí tự nhiên yên bình với tông màu xanh ngọc bích rực rỡ và ánh nắng mềm mại xuyên qua lá, thể hiện hệ thống nông lâm kết hợp bền vững, tích hợp công nghệ hiện đại, hệ sinh thái nền tảng số","Hero background cho landing page - Đây là hình ảnh đầu tiên người dùng nhìn thấy, cần ấn tượng và thể hiện được tinh thần của VITA",photography,"peaceful, natural, inspiring, professional","emerald, green, teal, cyan, white (mist)",jpg,"Rừng dược sinh - Hệ sinh thái nông nghiệp bền vững",landing-hero-background.jpg,"Cần đảm bảo không có text overlay quan trọng ở vùng giữa ảnh (sẽ có text overlay)"
landing-an-sinh-1,an-sinh-features,src/pages/landing/page.tsx,About Section - An sinh về Sinh kế,HIGH,800,600,landscape,4:3,"Vietnamese farmer working in multi-layer agroforestry system, medicinal herbs growing under tall forest trees, farmer harvesting short-term crops while long-term timber trees grow above, sustainable farming model, monthly income from herbs supporting long-term investment, professional illustration style, modern and clean design, emerald and green color palette","Nông dân Việt Nam làm việc trong hệ thống nông lâm kết hợp đa tầng, dược liệu mọc dưới tán rừng cao, nông dân thu hoạch cây ngắn ngày trong khi cây gỗ dài ngày phát triển phía trên, mô hình canh tác bền vững, thu nhập hàng tháng từ dược liệu hỗ trợ đầu tư dài hạn","Mô tả mô hình 'Đa tầng tán': Dược liệu ngắn ngày (Sâm, Nấm) nuôi cây gỗ dài ngày. Bao tiêu đảm bảo, thu nhập đều đặn hàng tháng",illustration,"hopeful, productive, sustainable","emerald, green, brown, amber",webp,"An sinh về Sinh kế - Mô hình đa tầng tán",landing-an-sinh-1.webp,
landing-an-sinh-2,an-sinh-features,src/pages/landing/page.tsx,About Section - An sinh về Tài chính,HIGH,800,600,landscape,4:3,"Vietnamese farmer using smartphone app with digital wallet interface, showing BNPL (Buy Now Pay Later) for agricultural inputs, automatic split payment visualization, credit based on data and reputation without land collateral, modern fintech interface, professional illustration, blue and cyan color palette","Nông dân Việt Nam sử dụng app điện thoại với giao diện ví số, hiển thị BNPL (Trả sau) cho vật tư nông nghiệp, visualization chia tiền tự động, tín dụng dựa trên dữ liệu và uy tín không cần thế chấp đất","Tín dụng sản xuất dựa trên dữ liệu, BNPL cho vật tư, Split Payment tự động - không ai bị chiếm dụng vốn",illustration,"modern, secure, empowering","blue, cyan, green",webp,"An sinh về Tài chính - Tín dụng và thanh toán số",landing-an-sinh-2.webp,
landing-an-sinh-3,an-sinh-features,src/pages/landing/page.tsx,About Section - An sinh về Tri thức,HIGH,800,600,landscape,4:3,"Vietnamese farmer in highland area learning from tablet device showing SOP (Standard Operating Procedures) from agricultural expert, remote consultation via AR tools, KOL receiving ESG and marketing training, elderly farmer learning smartphone technology, knowledge democratization, professional illustration, purple and indigo color palette","Nông dân Việt Nam vùng cao học tập từ tablet hiển thị SOP từ chuyên gia nông nghiệp, tư vấn từ xa qua công cụ AR, KOL nhận đào tạo về ESG và marketing, nông dân lớn tuổi học công nghệ smartphone, dân chủ hóa kiến thức","SOP từ chuyên gia trong App, đào tạo KOL về ESG, xóa mù công nghệ cho bà con vùng cao",illustration,"educational, empowering, modern","purple, indigo, pink",webp,"An sinh về Tri thức - Đào tạo và chuyển giao công nghệ",landing-an-sinh-3.webp,
landing-an-sinh-4,an-sinh-features,src/pages/landing/page.tsx,About Section - An sinh về Sức khỏe,HIGH,800,600,landscape,4:3,"High-quality Vietnamese medicinal herbs with QR code traceability, organic cultivation process without harmful chemicals, farmer working safely under forest canopy, clean environment, health protection, professional illustration, teal and cyan color palette","Dược liệu Việt Nam chất lượng cao với QR code truy xuất nguồn gốc, quy trình canh tác hữu cơ không hóa chất độc hại, nông dân làm việc an toàn dưới tán rừng, môi trường sạch, bảo vệ sức khỏe","Dược liệu dược tính cao, truy xuất minh bạch. Quy trình hữu cơ/vi sinh bảo vệ sức khỏe nông dân",illustration,"healthy, clean, safe","teal, cyan, green",webp,"An sinh về Sức khỏe - Dược liệu sạch và an toàn",landing-an-sinh-4.webp,
landing-an-sinh-5,an-sinh-features,src/pages/landing/page.tsx,About Section - An sinh về Tương lai & Hưu trí,HIGH,800,600,landscape,4:3,"Vietnamese forest showing multi-term green savings: tall precious timber trees (20-30 years) like sandalwood and agarwood as long-term savings, mid-term trees like cinnamon and star anise providing annual passive income, carbon credits as pension income, elderly farmer receiving carbon pension payment, professional illustration, amber and orange color palette","Rừng Việt Nam thể hiện sổ tiết kiệm xanh đa kỳ hạn: cây gỗ quý lớn (20-30 năm) như đàn hương và trầm hương là của để dành, cây trung hạn như quế và hồi cho thu nhập thụ động hàng năm, tín chỉ carbon như lương hưu, nông dân già nhận thanh toán lương hưu carbon","Sổ tiết kiệm Xanh đa kỳ hạn: Cây gỗ quý (của để dành), cây tinh dầu (lương hưu thụ động), Hưu trí Carbon",illustration,"secure, future-oriented, peaceful","amber, orange, green, brown",webp,"An sinh về Tương lai & Hưu trí - Sổ tiết kiệm xanh",landing-an-sinh-5.webp,
landing-an-sinh-6,an-sinh-features,src/pages/landing/page.tsx,About Section - An sinh về Tinh thần & Kết nối,HIGH,800,600,landscape,4:3,"Medicinal flower tourism in Vietnamese highlands, beautiful flowering medicinal plants like ginseng flowers, star anise flowers, tourists taking photos and checking in, traditional cultural festivals, stilt house architecture, ethnic costumes, community connection between young and old, urban and rural, pride in quality products, professional illustration, pink and rose color palette","Du lịch hoa dược liệu vùng cao Việt Nam, cây dược liệu ra hoa đẹp như hoa sâm, hoa hồi, du khách chụp ảnh và check-in, lễ hội văn hóa truyền thống, kiến trúc nhà sàn, trang phục dân tộc, kết nối cộng đồng giữa trẻ và già, miền xuôi và miền ngược, tự hào về sản phẩm chất lượng","Du lịch Hoa Dược Liệu, bảo tồn văn hóa bản địa, kết nối cộng đồng, niềm tự hào về sản phẩm tử tế",illustration,"joyful, cultural, connected, proud","pink, rose, purple, green",webp,"An sinh về Tinh thần & Kết nối - Du lịch và văn hóa",landing-an-sinh-6.webp,
landing-ecosystem-illustration,landing-page,src/pages/landing/page.tsx,Ecosystem Section Main Illustration,CRITICAL,1200,800,landscape,3:2,"Comprehensive digital ecosystem illustration showing interconnected panels, management processes, cloud services, data storage, creator hub, expert hub, e-commerce platform, live streaming, agriculture monitoring, QR code gates, glowing data flow lines, modern clean design with blue, green, orange, purple colors, VITA platform ecosystem visualization, infographic style","Minh họa hệ sinh thái số toàn diện thể hiện các panel kết nối, quy trình quản lý, dịch vụ cloud, lưu trữ dữ liệu, creator hub, expert hub, nền tảng thương mại điện tử, livestream, giám sát nông nghiệp, cổng QR code, đường dữ liệu phát sáng, thiết kế hiện đại sạch với màu xanh dương, xanh lá, cam, tím","Illustration chung cho toàn bộ hệ sinh thái VITA, hiển thị khi user chọn các tabs khác nhau",illustration,"modern, integrated, comprehensive","blue, green, orange, purple",webp,"Hệ sinh thái VITA Platform",landing-ecosystem-illustration.webp,"Illustration này sẽ được sử dụng cho tất cả các tabs ecosystem, có thể thay đổi theo từng tab"
ecosystem-tab-forest-owner,ecosystem-tabs,src/pages/landing/page.tsx,Ecosystem Tab - Chủ Rừng,HIGH,800,600,landscape,4:3,"Vietnamese forest landowner standing proudly on their forested land, holding land certificate document, with lush green forest background, sustainable land management, natural resources conservation, highland terrain, professional portrait, confident expression, showing land asset value and passive income potential","Chủ rừng Việt Nam đứng tự hào trên đất rừng của mình, cầm giấy tờ đất, nền rừng xanh tươi tốt, quản lý đất bền vững, bảo tồn tài nguyên thiên nhiên, địa hình vùng cao, chân dung chuyên nghiệp, biểu cảm tự tin, thể hiện giá trị tài sản đất và tiềm năng thu nhập thụ động","Xã viên Góp đất - Biến tài sản đất rừng thành nguồn thu nhập thụ động. Định giá tài sản đất minh bạch, Thu nhập từ cho thuê đất, Chia sẻ doanh thu sản phẩm, Tiền môi trường (PFES + Carbon)",photography,"proud, confident, sustainable","green, emerald, brown",webp,"Chủ Rừng & Chủ Đất - Quản lý tài sản số",ecosystem-tab-forest-owner.webp,
ecosystem-tab-farmer,ecosystem-tabs,src/pages/landing/page.tsx,Ecosystem Tab - Nông Dân,HIGH,800,600,landscape,4:3,"Vietnamese farmer working in medicinal herb field under forest canopy, planting and caring for ginseng plants, hands in soil, traditional farming, sustainable agriculture, peaceful rural scene, morning light, organic cultivation, showing dedication and connection to land","Nông dân Việt Nam làm việc trong vườn dược liệu dưới tán rừng, trồng và chăm sóc cây sâm, tay trong đất, canh tác truyền thống, nông nghiệp bền vững, cảnh nông thôn yên bình, ánh sáng ban mai, canh tác hữu cơ","Xã viên Sản xuất - Lực lượng lao động trực tiếp canh tác dược liệu. Nhận khoán đất, Hỗ trợ giống và kỹ thuật, Hợp đồng bao tiêu đầu ra, Thu nhập 30-50 triệu/ha/năm",photography,"peaceful, dedicated, productive","green, brown, amber",webp,"Nông Dân & Cộng Sự - Canh tác dược liệu",ecosystem-tab-farmer.webp,
ecosystem-tab-cooperative,ecosystem-tabs,src/pages/landing/page.tsx,Ecosystem Tab - Hợp Tác Xã,HIGH,800,600,landscape,4:3,"Vietnamese cooperative farmers meeting, group discussion, community collaboration, rural development, agricultural planning, teamwork, modern farming cooperative, organized production, professional management, sustainable agriculture, natural light, clean simple background, hopeful atmosphere, unity and progress","Nông dân hợp tác xã Việt Nam họp mặt, thảo luận nhóm, hợp tác cộng đồng, phát triển nông thôn, lập kế hoạch nông nghiệp, làm việc nhóm, hợp tác xã nông nghiệp hiện đại, sản xuất có tổ chức, quản lý chuyên nghiệp","Tổ chức sản xuất quy mô lớn. Tăng sức mạnh thương lượng, Chia sẻ chi phí đầu vào, Đào tạo quản lý chuyên nghiệp, Truy cập thị trường xuất khẩu",photography,"collaborative, organized, professional","blue, cyan, white",webp,"Hợp Tác Xã - Sản xuất quy mô lớn",ecosystem-tab-cooperative.webp,
ecosystem-tab-investor,ecosystem-tabs,src/pages/landing/page.tsx,Ecosystem Tab - Nhà Góp Vốn,HIGH,800,600,landscape,4:3,"Professional investor reviewing agricultural investment portfolio on tablet device with charts and graphs, modern office setting, business analysis, financial planning, sustainable agriculture investment, green economy, professional attire, confident expression","Nhà đầu tư chuyên nghiệp xem xét danh mục đầu tư nông nghiệp trên tablet với biểu đồ và đồ thị, môi trường văn phòng hiện đại, phân tích kinh doanh, hoạch định tài chính, đầu tư nông nghiệp bền vững","Đầu tư vào các dự án dược liệu sinh lời cao. Lợi nhuận bền vững, Chia cổ tức hàng quý, Mua sản phẩm giá ưu đãi, Quyền biểu quyết trong HTX",photography,"professional, confident, analytical","blue, gray, yellow",webp,"Nhà Góp Vốn & Đầu Tư",ecosystem-tab-investor.webp,
ecosystem-tab-enterprise,ecosystem-tabs,src/pages/landing/page.tsx,Ecosystem Tab - Doanh Nghiệp,HIGH,800,600,landscape,4:3,"Modern pharmaceutical manufacturing facility, herbal medicine production, quality control laboratory, clean sterile environment, professional equipment, Vietnamese pharmaceutical company, high-tech processing, standardized production, quality assurance, natural ingredients, bright lighting, modern industrial design, clean simple background","Cơ sở sản xuất dược phẩm hiện đại, sản xuất thuốc thảo dược, phòng thí nghiệm kiểm soát chất lượng, môi trường sạch vô trùng, thiết bị chuyên nghiệp, công ty dược phẩm Việt Nam, chế biến công nghệ cao","Nguồn nguyên liệu sạch, ổn định và có thể truy xuất nguồn gốc. Nguyên liệu chuẩn VITA, Cung ứng ổn định quanh năm, Truy xuất nguồn gốc minh bạch",photography,"modern, clean, professional","white, blue, green",webp,"Doanh Nghiệp Dược Phẩm",ecosystem-tab-enterprise.webp,
ecosystem-tab-research,ecosystem-tabs,src/pages/landing/page.tsx,Ecosystem Tab - Trung Tâm Gen,HIGH,800,600,landscape,4:3,"Modern biotechnology research laboratory, plant genetics study, scientists working with medicinal plants, DNA research, microscope analysis, clean lab environment, Vietnamese research center, advanced equipment, scientific innovation, green technology, bright professional lighting, modern facility, clean simple background","Phòng thí nghiệm công nghệ sinh học hiện đại, nghiên cứu di truyền thực vật, nhà khoa học làm việc với cây dược liệu, nghiên cứu DNA, phân tích kính hiển vi, môi trường phòng thí nghiệm sạch, trung tâm nghiên cứu Việt Nam","Nghiên cứu và phát triển giống dược liệu ưu việt. Giống cây chất lượng cao, Nghiên cứu khoa học ứng dụng, Chuyển giao công nghệ",photography,"scientific, innovative, modern","white, purple, indigo",webp,"Trung Tâm Nghiên Cứu Gen",ecosystem-tab-research.webp,
ecosystem-tab-physician,ecosystem-tabs,src/pages/landing/page.tsx,Ecosystem Tab - Thầy Thuốc,HIGH,800,600,landscape,4:3,"Traditional Vietnamese medicine doctor examining patient, herbal medicine consultation, professional medical setting, traditional healing practice, medicinal herbs display, calm atmosphere, trusted healthcare, cultural medicine, natural remedies, doctor-patient interaction, warm lighting, clean clinic environment, simple background","Thầy thuốc đông y Việt Nam khám bệnh cho bệnh nhân, tư vấn thuốc thảo dược, môi trường y tế chuyên nghiệp, thực hành chữa bệnh truyền thống, trưng bày dược liệu, không khí yên tĩnh, chăm sóc sức khỏe đáng tin cậy","Nguồn dược liệu sạch, dược tính cao. Dược liệu chuẩn VITA, Dược tính cao hiệu quả tốt, Minh bạch nguồn gốc, Hỗ trợ thanh toán BHYT",photography,"calm, trustworthy, traditional","teal, emerald, brown",webp,"Thầy Thuốc & Bệnh Viện Đông Y",ecosystem-tab-physician.webp,
ecosystem-tab-investor-portal,ecosystem-tabs,src/pages/landing/page.tsx,Ecosystem Tab - Investor Portal,MEDIUM,800,600,landscape,4:3,"Professional investor relations meeting, handshake, business partnership, financial charts dashboard on screens, modern conference room, venture capital, angel investor, startup funding, IPO valuation, cap table presentation, professional attire, confident expression, successful negotiation","Cuộc họp quan hệ nhà đầu tư chuyên nghiệp, bắt tay, đối tác kinh doanh, dashboard biểu đồ tài chính trên màn hình, phòng họp hiện đại, vốn mạo hiểm, nhà đầu tư thiên thần, tài trợ startup, định giá IPO","Virtual Data Room, Valuation Simulator, Lộ trình IPO, Cap Table, Báo cáo IR",photography,"professional, confident, successful","blue, gray, emerald",webp,"Cổng Quan hệ Nhà đầu tư",ecosystem-tab-investor-portal.webp,
ecosystem-tab-esg-portal,ecosystem-tabs,src/pages/landing/page.tsx,Ecosystem Tab - ESG Portal,MEDIUM,800,600,landscape,4:3,"ESG environmental social governance, green leaf symbol, sustainable forestry project, carbon credits, impact investment dashboard, environmental monitoring, green finance, corporate sustainability, renewable energy, climate action, professional presentation, modern office, clean background","ESG môi trường xã hội quản trị, biểu tượng lá xanh, dự án lâm nghiệp bền vững, tín chỉ carbon, dashboard đầu tư tác động, giám sát môi trường, tài chính xanh","Sàn đầu tư Tác động - Kết nối dòng vốn ESG với các dự án trồng rừng bền vững, Tín chỉ Carbon",illustration,"green, sustainable, impactful","green, emerald, teal",webp,"Cổng Đầu tư ESG",ecosystem-tab-esg-portal.webp,
ecosystem-tab-timber-trading,ecosystem-tabs,src/pages/landing/page.tsx,Ecosystem Tab - Timber Trading,MEDIUM,800,600,landscape,4:3,"Modern office building wood trading company, timber commodity futures, forestry management, sustainable logging, FSC certified wood, supply chain, professional business environment, charts graphs, growth trends, financial dashboard","Tòa nhà văn phòng hiện đại công ty giao dịch gỗ, tương lai hàng hóa gỗ, quản lý lâm nghiệp, khai thác gỗ bền vững, gỗ chứng nhận FSC, chuỗi cung ứng","Đặt hàng rừng trồng tương lai, Chứng chỉ FSC/PEFC, Tính toán hiệu suất, Kế hoạch khai thác bền vững",photography,"professional, sustainable, organized","amber, orange, brown",webp,"Cổng Giao dịch Gỗ Nguyên liệu",ecosystem-tab-timber-trading.webp,
ecosystem-tab-forestry,ecosystem-tabs,src/pages/landing/page.tsx,Ecosystem Tab - Forestry,MEDIUM,800,600,landscape,4:3,"Agroforestry system multi-layer canopy forest Vietnamese highlands, medicinal plants growing underneath tall trees, sustainable forestry management, shade-grown agriculture, biodiversity conservation, lush green forest landscape, professional forestry management","Hệ thống nông lâm kết hợp đa tầng tán rừng vùng cao Việt Nam, cây dược liệu mọc dưới cây cao, quản lý lâm nghiệp bền vững, canh tác dưới tán, bảo tồn đa dạng sinh học","Quản lý Hệ sinh thái Đa tầng tán - Rừng gỗ lớn che bóng cho dược liệu. Kiến Trúc Sư Rừng, AI đo độ che phủ",photography,"sustainable, layered, organized","green, emerald, brown",webp,"Bộ Tiêu chuẩn & Công cụ Lâm sinh",ecosystem-tab-forestry.webp,
ecosystem-tab-expert-portal,ecosystem-tabs,src/pages/landing/page.tsx,Ecosystem Tab - Expert Portal,MEDIUM,800,600,landscape,4:3,"Professional agricultural expert scientist consulting with tablet device, remote video call farmers, using augmented reality tools, digital prescription system, knowledge sharing platform, modern technology, agricultural advice, clean professional setting, white coat","Chuyên gia nông nghiệp chuyên nghiệp tư vấn với tablet, video call từ xa với nông dân, sử dụng công cụ thực tế tăng cường, hệ thống kê đơn số, nền tảng chia sẻ kiến thức, công nghệ hiện đại","Tư vấn kỹ thuật từ xa, kê đơn số, bán quy trình SOP, nhận thù lao minh bạch",photography,"professional, modern, helpful","pink, rose, white",webp,"VITA EXPERT HUB",ecosystem-tab-expert-portal.webp,
ecosystem-tab-gov-portal,ecosystem-tabs,src/pages/landing/page.tsx,Ecosystem Tab - GOV Portal,MEDIUM,800,600,landscape,4:3,"Vietnamese commune government office, administrative building, justice scales symbol, digital dashboard, sustainable rural development, monitoring economic growth, social welfare, agricultural management, professional government setting, modern technology, clean background","Văn phòng chính quyền xã Việt Nam, tòa nhà hành chính, biểu tượng cán cân công lý, dashboard số, phát triển nông thôn bền vững, giám sát tăng trưởng kinh tế, phúc lợi xã hội","Cổng quản trị số dành cho chính quyền cơ sở (Xã). Giám sát kinh tế - xã hội, quản lý quy hoạch đất đai",photography,"official, modern, trustworthy","blue, indigo, white",webp,"VITA GOV PORTAL",ecosystem-tab-gov-portal.webp,
ecosystem-tab-creator-hub,ecosystem-tabs,src/pages/landing/page.tsx,Ecosystem Tab - Creator Hub,MEDIUM,800,600,landscape,4:3,"Social media content creator influencer KOL KOC working with laptop, video editing, microphone, camera, social media icons, agricultural products, medicinal herbs, content creation, marketing, affiliate, modern creative workspace, YouTube Instagram","Người sáng tạo nội dung mạng xã hội KOL KOC làm việc với laptop, chỉnh sửa video, micro, camera, biểu tượng mạng xã hội, sản phẩm nông nghiệp, dược liệu, sáng tạo nội dung, marketing","Cổng làm việc dành cho KOL/KOC. Kho Tài nguyên Số, Chiến dịch Marketing, Affiliate & Livestream, Booking Vườn",photography,"creative, modern, vibrant","purple, pink, rose",webp,"VITA CREATOR HUB",ecosystem-tab-creator-hub.webp,
coop-cover-mang-ri,cooperatives,src/data/cooperatives.ts,HTX Măng Ri Cover,HIGH,1200,600,landscape,2:1,"Vietnamese highland forest cooperative mountain landscape, lush green forest, traditional village, sustainable agriculture, herbal medicine cultivation, natural beauty, serene peaceful rural Vietnam, Kon Tum province, highland terrain","Hợp tác xã rừng vùng cao Việt Nam, cảnh quan núi, rừng xanh tươi tốt, làng truyền thống, nông nghiệp bền vững, canh tác dược liệu, vẻ đẹp tự nhiên, nông thôn yên bình Việt Nam, tỉnh Kon Tum","HTX Rừng Dược Sinh Măng Ri - 245 ha rừng dược liệu, 187 thành viên, chuyên Sâm Ngọc Linh, Đương Quy, Ba Kích tím",photography,"serene, natural, cooperative","green, emerald, brown",webp,"HTX Rừng Dược Sinh Măng Ri",coop-cover-mang-ri.webp,
coop-cover-tay-nguyen,cooperatives,src/data/cooperatives.ts,HTX Tây Nguyên Cover,HIGH,1200,600,landscape,2:1,"Vietnamese Central Highlands cooperative herbal medicine farm, mountain terrace agriculture, sustainable farming, green landscape, Kon Tum province","Hợp tác xã dược liệu Tây Nguyên Việt Nam, nông trại dược liệu, canh tác ruộng bậc thang núi, nông nghiệp bền vững","HTX Dược Liệu Tây Nguyên - 320 ha, 245 thành viên, ứng dụng IoT và blockchain",photography,"modern, technological, sustainable","green, blue, teal",webp,"HTX Dược Liệu Tây Nguyên",coop-cover-tay-nguyen.webp,
product-sam-ngoc-linh,products,src/data/cooperatives.ts,Product - Sâm Ngọc Linh,HIGH,400,400,square,1:1,"Fresh Vietnamese ginseng root Ngoc Linh, premium quality, organic, natural, white background, product photography, high quality, detailed, professional lighting, showing texture and quality","Củ sâm Ngọc Linh Việt Nam tươi, chất lượng cao, hữu cơ, tự nhiên, nền trắng, chụp sản phẩm, chất lượng cao, chi tiết, ánh sáng chuyên nghiệp","Sâm Ngọc Linh 5-7 năm tuổi, trồng hữu cơ tại vùng núi Kon Tum, hàm lượng saponin cao",photography,"premium, natural, clean","white, beige, brown",webp,"Sâm Ngọc Linh củ tươi",product-sam-ngoc-linh.webp,"Product image cho marketplace và HTX landing pages"
product-duong-quy,products,src/data/cooperatives.ts,Product - Đương Quy,HIGH,400,400,square,1:1,"Dried angelica root herbal medicine, traditional Vietnamese medicine, natural organic, white background, product photography, high quality","Đương Quy khô, thuốc thảo dược, y học cổ truyền Việt Nam, tự nhiên hữu cơ, nền trắng","Đương Quy sấy khô tự nhiên, giữ nguyên dược tính, đóng gói kín",photography,"natural, traditional, clean","white, brown, beige",webp,"Đương Quy khô",product-duong-quy.webp,
product-ba-kich,products,src/data/cooperatives.ts,Product - Ba Kích tím,HIGH,400,400,square,1:1,"Fresh purple morinda root, Vietnamese herbal medicine, natural organic, product photography, white background","Ba Kích tím tươi, thuốc thảo dược Việt Nam, tự nhiên hữu cơ","Ba Kích tím tươi, thu hoạch đúng độ tuổi, chất lượng cao",photography,"natural, fresh, clean","white, purple, brown",webp,"Ba Kích tím tươi",product-ba-kich.webp,
tourism-tour-sam,tourism,src/data/cooperatives.ts,Tourism - Tour Sâm,MEDIUM,600,400,landscape,3:2,"Vietnamese ginseng farm tour, visitors walking through herbal garden, mountain landscape, eco tourism, sustainable agriculture, group of people exploring, educational experience","Tour tham quan vườn sâm Việt Nam, du khách đi bộ qua vườn dược liệu, cảnh quan núi, du lịch sinh thái","Tour Tham quan Vườn Sâm Ngọc Linh - 3 giờ, tham quan vườn, tìm hiểu quy trình, thưởng thức trà sâm",photography,"educational, enjoyable, natural","green, brown, blue (sky)",webp,"Tour Tham quan Vườn Sâm Ngọc Linh",tourism-tour-sam.webp,
tourism-homestay,tourism,src/data/cooperatives.ts,Tourism - Homestay,MEDIUM,600,400,landscape,3:2,"Vietnamese highland homestay, traditional wooden house, mountain view, eco tourism, sustainable tourism, peaceful serene, authentic rural accommodation","Homestay vùng cao Việt Nam, nhà gỗ truyền thống, view núi, du lịch sinh thái, yên bình","Homestay Rừng Dược Sinh - 1 đêm, nghỉ dưỡng tại homestay truyền thống, không khí trong lành",photography,"peaceful, traditional, serene","brown, green, blue (sky)",webp,"Homestay Rừng Dược Sinh",tourism-homestay.webp,
tourism-experience,tourism,src/data/cooperatives.ts,Tourism - Experience,MEDIUM,600,400,landscape,3:2,"Hands harvesting herbal plants, Vietnamese farmers, traditional agriculture, sustainable farming, eco friendly, learning experience, hands-on activity","Tay thu hoạch cây dược liệu, nông dân Việt Nam, nông nghiệp truyền thống, canh tác bền vững","Trải nghiệm Thu hoạch Dược liệu - 2 giờ, tham gia thu hoạch cùng nông dân, học cách nhận biết và chế biến",photography,"educational, hands-on, authentic","green, brown, earth tones",webp,"Trải nghiệm Thu hoạch Dược liệu",tourism-experience.webp,
coop-marketplace-htx-sin-ho,cooperatives,src/pages/coop-marketplace/page.tsx,Marketplace - HTX Sìn Hồ,HIGH,800,500,landscape,8:5,"Aerial view of vast ginseng plantation in misty mountains, terraced fields, organic farming, northern Vietnam highlands, lush green landscape, sustainable agriculture, morning fog, rolling hills, traditional medicinal herb cultivation","Góc nhìn từ trên không của đồn điền sâm rộng lớn trên núi sương mù, ruộng bậc thang, canh tác hữu cơ, vùng cao miền Bắc Việt Nam","HTX Dược Liệu Hữu Cơ Sìn Hồ - Tây Bắc, 500 ha, 1200 thành viên, lợi tức 18%/năm",photography,"vast, impressive, misty","green, gray (mist), blue (sky)",webp,"HTX Dược Liệu Hữu Cơ Sìn Hồ",coop-marketplace-htx-sin-ho.webp,
coop-marketplace-htx-kon-tum,cooperatives,src/pages/coop-marketplace/page.tsx,Marketplace - HTX Kon Tum,HIGH,800,500,landscape,8:5,"Panoramic drone shot of highland medicinal herb farm, central highlands Vietnam, organized cultivation rows, modern greenhouse structures, mountain backdrop, blue sky, professional organic farming cooperative","Ảnh drone toàn cảnh nông trại dược liệu vùng cao, Tây Nguyên Việt Nam, hàng canh tác có tổ chức, nhà kính hiện đại, nền núi, bầu trời xanh","HTX Dược Liệu Kon Tum - Tây Nguyên, 350 ha, 850 thành viên",photography,"organized, modern, professional","green, blue, white",webp,"HTX Dược Liệu Kon Tum",coop-marketplace-htx-kon-tum.webp,
coop-marketplace-htx-lam-dong,cooperatives,src/pages/coop-marketplace/page.tsx,Marketplace - HTX Lâm Đồng,HIGH,800,500,landscape,8:5,"Beautiful aerial view of angelica herb plantation, Lam Dong province Vietnam, neat cultivation beds, irrigation system, pine forest surrounding, cool climate agriculture, sustainable farming cooperative","Góc nhìn từ trên không đẹp của đồn điền đương quy, tỉnh Lâm Đồng Việt Nam, luống canh tác gọn gàng, hệ thống tưới tiêu, rừng thông bao quanh","HTX Dược Liệu Lâm Đồng - Tây Nguyên, chuyên Đương Quy, 280 ha, 620 thành viên",photography,"neat, organized, cool","green, blue, brown",webp,"HTX Dược Liệu Lâm Đồng",coop-marketplace-htx-lam-dong.webp,
coop-marketplace-htx-da-lat,cooperatives,src/pages/coop-marketplace/page.tsx,Marketplace - HTX Đà Lạt,HIGH,800,500,landscape,8:5,"Modern organic medicinal herb greenhouse complex, Da Lat Vietnam, high tech agriculture, controlled environment, clean cultivation rows of medicinal plants, professional farming facility, mountain valley setting","Khu nhà kính dược liệu hữu cơ hiện đại, Đà Lạt Việt Nam, nông nghiệp công nghệ cao, môi trường kiểm soát, hàng canh tác sạch","HTX Nông Nghiệp Sạch Đà Lạt - 420 ha, 980 thành viên, công nghệ cao",photography,"modern, high-tech, clean","green, white, blue",webp,"HTX Nông Nghiệp Sạch Đà Lạt",coop-marketplace-htx-da-lat.webp,
coop-marketplace-htx-tay-nguyen-research,cooperatives,src/pages/coop-marketplace/page.tsx,Marketplace - HTX Tây Nguyên Research,HIGH,800,500,landscape,8:5,"Research facility and nursery for medicinal plants, central highlands Vietnam, modern laboratory building, experimental cultivation plots, seedling greenhouse, scientific agriculture innovation center, professional setup","Cơ sở nghiên cứu và vườn ươm cho cây dược liệu, Tây Nguyên Việt Nam, tòa nhà phòng thí nghiệm hiện đại, ô canh tác thử nghiệm, nhà kính cây giống","HTX Khoa Học Dược Liệu Tây Nguyên - Nghiên cứu & Ươm giống, 150 ha, 320 thành viên",photography,"scientific, modern, innovative","white, green, blue",webp,"HTX Khoa Học Dược Liệu Tây Nguyên",coop-marketplace-htx-tay-nguyen-research.webp,
coop-marketplace-htx-quang-nam,cooperatives,src/pages/coop-marketplace/page.tsx,Marketplace - HTX Quảng Nam,HIGH,800,500,landscape,8:5,"Cinnamon and star anise plantation, Quang Nam Vietnam, traditional spice cultivation, hillside terraces, mature trees, harvesting area, rural cooperative farming, natural landscape, sustainable forestry","Đồn điền quế và hồi, Quảng Nam Việt Nam, canh tác gia vị truyền thống, ruộng bậc thang sườn đồi, cây trưởng thành","HTX Dược Liệu Quảng Nam - Chuyên Quế, Hồi, 600 ha, 1450 thành viên",photography,"traditional, natural, productive","green, brown, amber",webp,"HTX Dược Liệu Quảng Nam",coop-marketplace-htx-quang-nam.webp,
farmer-consumer-product-sam,products,src/pages/farmer-consumer/page.tsx,Product - Sâm Consumer,HIGH,400,400,square,1:1,"Fresh ginseng root premium quality, natural organic, simple white background, product photography, high quality","Củ sâm tươi chất lượng cao, tự nhiên hữu cơ, nền trắng đơn giản","Sâm Ngọc Linh củ tươi - Giá thị trường 500k/kg, giá xã viên 350k/kg",photography,"premium, natural, clean","white, beige, brown",webp,"Sâm Ngọc Linh củ tươi",farmer-consumer-product-sam.webp,
farmer-consumer-product-tra,products,src/pages/farmer-consumer/page.tsx,Product - Trà Cà Gai Leo,MEDIUM,400,400,square,1:1,"Herbal tea bags premium packaging, natural organic, simple clean background, product photography, professional","Túi trà thảo dược đóng gói cao cấp, tự nhiên hữu cơ, nền sạch đơn giản","Trà Cà Gai Leo túi lọc - Hộp 20 túi, giá xã viên 140k",photography,"premium, clean, natural","white, green, brown",webp,"Trà Cà Gai Leo túi lọc",farmer-consumer-product-tra.webp,
farmer-consumer-product-cao,products,src/pages/farmer-consumer/page.tsx,Product - Cao Đương Quy,MEDIUM,400,400,square,1:1,"Angelica extract bottle, herbal medicine, natural organic, simple white background, product photography, high quality","Chai cao đương quy, thuốc thảo dược, tự nhiên hữu cơ, nền trắng","Cao Đương Quy nguyên chất - Chai 500ml, giá xã viên 560k",photography,"natural, clean, professional","white, brown, amber",webp,"Cao Đương Quy nguyên chất",farmer-consumer-product-cao.webp,
farmer-investor-project-sam,dashboards,src/pages/farmer-investor/page.tsx,Investment Project - Sâm,MEDIUM,400,300,landscape,4:3,"Ginseng farm plantation, mountain Vietnam, natural organic farming, simple clean background, high quality","Nông trại sâm, núi Việt Nam, canh tác hữu cơ tự nhiên","Dự án Sâm Ngọc Linh - Lô B2, HTX Dược Liệu Kon Tum, đầu tư 50 triệu, lợi nhuận 12%",photography,"productive, natural","green, brown",webp,"Dự án Sâm Ngọc Linh",farmer-investor-project-sam.webp,
farmer-investor-project-nursery,dashboards,src/pages/farmer-investor/page.tsx,Investment Project - Nursery,MEDIUM,400,300,landscape,4:3,"Modern greenhouse nursery, high tech agriculture, Vietnam, clean organized, simple background, professional","Nhà kính vườn ươm hiện đại, nông nghiệp công nghệ cao Việt Nam","Vườn ươm công nghệ cao - HTX Nông Nghiệp Sạch Đà Lạt, đầu tư 30 triệu",photography,"modern, organized","green, white, blue",webp,"Vườn ươm công nghệ cao",farmer-investor-project-nursery.webp,
my-farm-citrus,dashboards,src/pages/my-farm/page.tsx,Farm Asset - Citrus,MEDIUM,800,500,landscape,8:5,"Beautiful Vietnamese citrus orchard with blooming flowers, healthy green trees, mountain landscape background, peaceful farming scene, natural sunlight, professional photography","Vườn quýt Việt Nam đẹp với hoa nở, cây xanh khỏe mạnh, nền cảnh quan núi","Vườn Quýt #VQ247 - Cây ăn quả, đầu tư 500k, giá trị hiện tại 725k, lợi nhuận +45%",photography,"beautiful, blooming, peaceful","green, white (flowers), blue (sky)",webp,"Vườn Quýt",my-farm-citrus.webp,
my-farm-chicken,dashboards,src/pages/my-farm/page.tsx,Farm Asset - Chicken,MEDIUM,800,500,landscape,8:5,"Free-range chickens in Vietnamese mountain farm, natural outdoor setting, healthy birds, green grass, traditional farming, authentic rural scene photography","Gà thả vườn trong nông trại núi Việt Nam, môi trường ngoài trời tự nhiên, gà khỏe mạnh","Đàn Gà Ri #GR089 - Chăn nuôi, đầu tư 300k, giá trị hiện tại 380k, lợi nhuận +27%",photography,"natural, authentic, healthy","green, brown, white",webp,"Đàn Gà Ri",my-farm-chicken.webp,
admin-gis-map,dashboards,src/pages/admin-gis/page.tsx,GIS Map Background,MEDIUM,800,500,landscape,8:5,"Aerial view of forest plantation with different sections, satellite imagery style, topographic map, green forest canopy, agricultural land divisions, natural landscape, showing organized forest management","Góc nhìn từ trên không của đồn điền rừng với các khu vực khác nhau, phong cách ảnh vệ tinh, bản đồ địa hình","Bản đồ GIS Rừng - Hiển thị các lô rừng, độ che phủ, mật độ cây",satellite/photography,"organized, mapped, professional","green, brown, gray",webp,"Bản đồ GIS Rừng","Sẽ có overlay, opacity 60%"
coop-story-1,cooperatives,src/data/cooperatives.ts,Story Image - HTX Măng Ri 1,MEDIUM,800,600,landscape,4:3,"Vietnamese cooperative farmers working together, herbal garden, teamwork, sustainable agriculture, collaborative farming, showing unity and progress","Nông dân hợp tác xã Việt Nam làm việc cùng nhau, vườn dược liệu, làm việc nhóm, nông nghiệp bền vững","Story: Hành trình từ Rừng đến Bàn ăn - HTX Măng Ri được thành lập năm 2018, 245 ha, 187 thành viên",photography,"collaborative, united, progressive","green, brown, blue",webp,"Nông dân HTX làm việc cùng nhau",coop-story-1.webp,
coop-story-2,cooperatives,src/data/cooperatives.ts,Story Image - HTX Măng Ri 2,MEDIUM,800,600,landscape,4:3,"Vietnamese ginseng harvesting, traditional method, sustainable farming, eco friendly, authentic harvesting process","Thu hoạch sâm Việt Nam, phương pháp truyền thống, canh tác bền vững","Thu hoạch sâm theo phương pháp truyền thống, bền vững",photography,"traditional, authentic, sustainable","green, brown, earth tones",webp,"Thu hoạch sâm truyền thống",coop-story-2.webp,
coop-story-tech-1,cooperatives,src/data/cooperatives.ts,Story Image - HTX Tây Nguyên IoT,MEDIUM,800,600,landscape,4:3,"IoT sensors Vietnamese farm, smart agriculture technology, modern farming, digital agriculture, sensors monitoring soil and weather","Cảm biến IoT nông trại Việt Nam, công nghệ nông nghiệp thông minh, canh tác hiện đại","HTX Tây Nguyên - Ứng dụng IoT và blockchain, 245 thành viên, 320 ha",photography,"modern, technological, smart","green, blue, gray",webp,"IoT sensors trong nông trại",coop-story-tech-1.webp,
coop-story-tech-2,cooperatives,src/data/cooperatives.ts,Story Image - HTX Tây Nguyên Blockchain,MEDIUM,800,600,landscape,4:3,"Blockchain traceability, Vietnamese herbal medicine supply chain, transparency, QR code scanning, digital traceability system","Truy xuất nguồn gốc blockchain, chuỗi cung ứng dược liệu Việt Nam, minh bạch, quét QR code","Blockchain traceability cho dược liệu - Minh bạch từ vùng trồng đến người tiêu dùng",illustration,"transparent, digital, modern","blue, green, cyan",webp,"Truy xuất nguồn gốc blockchain",coop-story-tech-2.webp,
tourism-tour-tech,tourism,src/data/cooperatives.ts,Tourism - Tour Tech,MEDIUM,600,400,landscape,3:2,"Smart agriculture IoT sensors Vietnamese farm, technology modern farming, digital agriculture, visitors learning about smart farming","Cảm biến IoT nông nghiệp thông minh nông trại Việt Nam, công nghệ canh tác hiện đại","Tour Công nghệ Nông nghiệp 4.0 - 4 giờ, tham quan hệ thống IoT, blockchain traceability",photography,"educational, modern, technological","green, blue, gray",webp,"Tour Công nghệ Nông nghiệp 4.0",tourism-tour-tech.webp,
tourism-homestay-tech,tourism,src/data/cooperatives.ts,Tourism - Homestay Tech,MEDIUM,600,400,landscape,3:2,"Modern eco lodge Vietnamese highland, sustainable architecture, mountain view, technology integrated, smart home features, comfortable accommodation","Eco-lodge hiện đại vùng cao Việt Nam, kiến trúc bền vững, view núi, tích hợp công nghệ","Eco-Lodge Công nghệ - 1 đêm, 1.2 triệu, tích hợp công nghệ IoT",photography,"modern, comfortable, sustainable","brown, green, blue",webp,"Eco-Lodge Công nghệ",tourism-homestay-tech.webp,
tourism-workshop,tourism,src/data/cooperatives.ts,Tourism - Workshop,MEDIUM,600,400,landscape,3:2,"Herbal medicine processing workshop, Vietnamese traditional medicine, modern facility, people learning to make tea, extract, essential oil from fresh herbs","Workshop chế biến dược liệu, y học cổ truyền Việt Nam, cơ sở hiện đại, người học làm trà, cao, tinh dầu từ dược liệu tươi","Workshop Chế biến Dược liệu - 3 giờ, tham gia workshop, học cách làm trà, cao, tinh dầu",photography,"educational, hands-on, traditional","brown, green, amber",webp,"Workshop Chế biến Dược liệu",tourism-workshop.webp,

